id,title,description,availability,condition,price,link,image_link,brand
780395873,Den Gamla Bohuslänsvisan,"Arrangemang för blåsorkester av Trad Grad 3. Digitala noter, levereras direkt vid köp.",in stock,new,120 SEK,https://noter.nu/butik/Den-gamla-Bohuslansvisan-p780395873,https://d2j6dbq0eux0bg.cloudfront.net/images/121098256/5165463911.jpg,Noter.nu
780395891,Fanfar,"Arrangemang för blåsorkester av Hans Bjermqvist Grad 3. Digitala noter, levereras direkt vid köp.",in stock,new,80 SEK,https://noter.nu/butik/Fanfar-p780395891,https://d2j6dbq0eux0bg.cloudfront.net/images/121098256/products/780395891/5165533553.jpg,Noter.nu
783263855,Jämtländsk Brudmarsch,"Arrangemang för blåsorkester av Trad Grad 3. Digitala noter, levereras direkt vid köp.",in stock,new,130 SEK,https://noter.nu/butik/Jamtlandsk-Brudmarsch-p783263855,https://d2j6dbq0eux0bg.cloudfront.net/images/121098256/5182524457.jpg,Noter.nu
787364431,Let´s Dance with the Sugar Plum Fairy,"Arrangemang för blåsorkester av Pjotr Tjajkovskij Grad 3. Digitala noter, levereras direkt vid köp.",in stock,new,120 SEK,https://noter.nu/butik/Lets-Dance-with-the-Sugar-Plum-Fairy-p787364431,https://d2j6dbq0eux0bg.cloudfront.net/images/121098256/5242620053.jpg,Noter.nu
794442557,Litet solo för Tuba,"Arrangemang för tuba - blåsorkester av Hans Bjermqvist Grad 2.5. Digitala noter, levereras direkt vid köp.",in stock,new,120 SEK,https://noter.nu/butik/Litet-Solo-for-Tuba-p794442557,https://d2j6dbq0eux0bg.cloudfront.net/images/121098256/products/794442557/5994193437.jpg,Noter.nu
785338341,On Stage,"Arrangemang för blåsorkester av Hans Bjermqvist Grad 3. Digitala noter, levereras direkt vid köp.",in stock,new,130 SEK,https://noter.nu/butik/On-Stage-p785338341,https://d2j6dbq0eux0bg.cloudfront.net/images/121098256/products/785338341/5994222130.jpg,Noter.nu
780395903,Rondo alla Turca,"Arrangemang för piccolo - blåsorkester av W.A.Mozart Grad 3.5. Digitala noter, levereras direkt vid köp.",in stock,new,140 SEK,https://noter.nu/butik/Rondo-alla-Turca-for-Piccolo-och-Orkester-p780395903,https://d2j6dbq0eux0bg.cloudfront.net/images/121098256/products/780395903/5994220199.jpg,Noter.nu
798823645,Rondo alla Turca,"Arrangemang för trumpet - blåsorkester av W.A.Mozart Grad 3.5. Digitala noter, levereras direkt vid köp.",in stock,new,120 SEK,https://noter.nu/butik/Fran-Rondo-alla-Turca-Solotrumpet-med-orkester-p798823645,https://d2j6dbq0eux0bg.cloudfront.net/images/121098256/products/798823645/5994193425.jpg,Noter.nu
780729412,Så Vadådå,"Arrangemang för blåsorkester av Hans Bjermqvist Grad 3. Digitala noter, levereras direkt vid köp.",in stock,new,120 SEK,https://noter.nu/butik/Sa-Vadada-p780729412,https://d2j6dbq0eux0bg.cloudfront.net/images/121098256/products/780729412/5165550929.jpg,Noter.nu
780395907,Trombon Marsch,"Arrangemang för 2 tromboner - blåsorkester av Hans Bjermqvist Grad 3. Digitala noter, levereras direkt vid köp.",in stock,new,120 SEK,https://noter.nu/butik/Trombon-Marsch-p780395907,https://d2j6dbq0eux0bg.cloudfront.net/images/121098256/products/780395907/5165550944.jpg,Noter.nu
768937108,Värmlandsvisan,"Arrangemang för basklarinett, barytonsax - blåsorkester av Trad Grad 3. Digitala noter, levereras direkt vid köp.",in stock,new,130 SEK,https://noter.nu/butik/Varmlandsvisan-Solo-for-Barytonsax-och-Basklar-med-orkester-p768937108,https://d2j6dbq0eux0bg.cloudfront.net/images/121098256/products/768937108/5994222160.jpg,Noter.nu
842149032,6 Folkvisor för Brasskvintett,"Arrangemang för brasskvintett av Trad Grad 3. Digitala noter, levereras direkt vid köp.",in stock,new,165 SEK,https://noter.nu/butik/6-Folkvisor-for-Brasskvintett-p842149032,https://d2j6dbq0eux0bg.cloudfront.net/images/121098256/products/842149032/5994222172.jpg,Noter.nu
842094916,Födelsedagsfesten,"Arrangemang för brasskvintett - ingår i 6 visor för brasskvintett av Trad Grad 3. Digitala noter, levereras direkt vid köp.",in stock,new,45 SEK,https://noter.nu/butik/Fodelsedagsfesten-p842094916,https://d2j6dbq0eux0bg.cloudfront.net/images/121098256/products/842094916/5994339289.jpg,Noter.nu
841121358,Mikaelidagen,"Arrangemang för brasskvintett - ingår i 6 visor för brasskvintett av Trad Grad 3. Digitala noter, levereras direkt vid köp.",in stock,new,45 SEK,https://noter.nu/butik/Mikaelidagen-p841121358,https://d2j6dbq0eux0bg.cloudfront.net/images/121098256/products/841121358/5994339301.jpg,Noter.nu
842053470,Mina getter går i skogen,"Arrangemang för brasskvintett - ingår i 6 visor för brasskvintett av Trad Grad 3. Digitala noter, levereras direkt vid köp.",in stock,new,45 SEK,https://noter.nu/butik/Mina-getter-gar-i-skogen-p842053470,https://d2j6dbq0eux0bg.cloudfront.net/images/121098256/products/842053470/5994339313.jpg,Noter.nu
780395915,Trombon Marsch,"Arrangemang för 2 tromboner + brassensemble av Hans Bjermqvist Grad 3. Digitala noter, levereras direkt vid köp.",in stock,new,75 SEK,https://noter.nu/butik/Trombon-Marsch-p780395915,https://d2j6dbq0eux0bg.cloudfront.net/images/121098256/products/780395915/5994220235.jpg,Noter.nu
842094886,Vaggvisa till min son Carl,"Arrangemang för brasskvintett - ingår i 6 visor för brasskvintett av C.M. Bellman Grad 3. Digitala noter, levereras direkt vid köp.",in stock,new,45 SEK,https://noter.nu/butik/Vaggvisa-till-min-son-Carl-Bellmans-Vaggvisa-p842094886,https://d2j6dbq0eux0bg.cloudfront.net/images/121098256/products/842094886/5994339377.jpg,Noter.nu
842094830,Vallvisa - Kulning,"Arrangemang för brasskvintett - ingår i 6 visor för brasskvintett av Trad Grad 3.5. Digitala noter, levereras direkt vid köp.",in stock,new,35 SEK,https://noter.nu/butik/Vallvisa-Kulning-p842094830,https://d2j6dbq0eux0bg.cloudfront.net/images/121098256/products/842094830/5994222232.jpg,Noter.nu
842094904,Vittnareiks ära,"Arrangemang för brasskvintett - ingår i 6 visor för brasskvintett av Trad Grad 3. Digitala noter, levereras direkt vid köp.",in stock,new,45 SEK,https://noter.nu/butik/Vittnareiks-ara-p842094904,https://d2j6dbq0eux0bg.cloudfront.net/images/121098256/products/842094904/5994384049.jpg,Noter.nu
789434044,10 Julduetter för Trombon,"Arrangemang för 2 tromboner elev/lärare av Var. Grad 2 till 3. Digitala noter, levereras direkt vid köp.",in stock,new,95 SEK,https://noter.nu/butik/10-Julduetter-for-Trombon-p789434044,https://d2j6dbq0eux0bg.cloudfront.net/images/121098256/products/789434044/5984645655.jpg,Noter.nu
789410374,10 Julduetter för Trumpet,"Arrangemang för 2 trumpeter elev/lärare av Var. Grad 2 till 3. Digitala noter, levereras direkt vid köp.",in stock,new,95 SEK,https://noter.nu/butik/10-Julduetter-for-Trumpet-p789410374,https://d2j6dbq0eux0bg.cloudfront.net/images/121098256/products/789410374/5984649415.jpg,Noter.nu
790529670,Deck the Halls,"Arrangemang för brassensemble av Trad Grad 3. Digitala noter, levereras direkt vid köp.",in stock,new,45 SEK,https://noter.nu/butik/Deck-the-Halls-p790529670,https://d2j6dbq0eux0bg.cloudfront.net/images/121098256/products/790529670/5282286499.jpg,Noter.nu
790529695,Ding Dong Merrily on High,"Arrangemang för brassensemble av Trad Grad 3. Digitala noter, levereras direkt vid köp.",in stock,new,45 SEK,https://noter.nu/butik/Ding-Dong-Merrily-on-High-p790529695,https://d2j6dbq0eux0bg.cloudfront.net/images/121098256/products/790529695/5282326047.jpg,Noter.nu
792093459,Jingle Bells,"Arrangemang för brassensemble av Trad Grad 3. Digitala noter, levereras direkt vid köp.",in stock,new,35 SEK,https://noter.nu/butik/Jingle-Bells-p792093459,https://d2j6dbq0eux0bg.cloudfront.net/images/121098256/5310908739.jpg,Noter.nu
780420069,Jullåtar för Brassensemble,"Arrangemang för brassensemble av Var. Grad 3. Digitala noter, levereras direkt vid köp.",in stock,new,165 SEK,https://noter.nu/butik/Jullatar-for-Brassensemble-Paket-p780420069,https://d2j6dbq0eux0bg.cloudfront.net/images/121098256/products/780420069/5995939891.jpg,Noter.nu
792097090,Kul runt Granen - 5 Julsånger,"Arrangemang för brassensemble av Trad Grad 3. Digitala noter, levereras direkt vid köp.",in stock,new,45 SEK,https://noter.nu/butik/Kul-runt-Granen-p792097090,https://d2j6dbq0eux0bg.cloudfront.net/images/121098256/products/792097090/5995990293.jpg,Noter.nu
792088972,Luciakväll - 4 luciasånger,"Arrangemang för brassensemble av Trad Grad 3. Digitala noter, levereras direkt vid köp.",in stock,new,45 SEK,https://noter.nu/butik/Luciakvall-p792088972,https://d2j6dbq0eux0bg.cloudfront.net/images/121098256/products/792088972/5310706190.jpg,Noter.nu
792110551,NuTändas Tusen Juleljus,"Arrangemang för brassensemble av Trad Grad 3. Digitala noter, levereras direkt vid köp.",in stock,new,35 SEK,https://noter.nu/butik/Nu-Tandas-Tusen-Juljeljus-p792110551,https://d2j6dbq0eux0bg.cloudfront.net/images/121098256/products/792110551/5995990307.jpg,Noter.nu
790068019,O Come All Ye Faithful,"Arrangemang för brassensemble av J.F. Wade Grad 3. Digitala noter, levereras direkt vid köp.",in stock,new,55 SEK,https://noter.nu/butik/O-Come-All-Ye-Faithful-p790068019,https://d2j6dbq0eux0bg.cloudfront.net/images/121098256/products/790068019/5995990435.jpg,Noter.nu
798074862,While Shepherds Watching their Flocks,"Arrangemang för brassensemble av Este´s Psalter Grad 3. Digitala noter, levereras direkt vid köp.",in stock,new,45 SEK,https://noter.nu/butik/While-shepards-watching-their-flocks-p798074862,https://d2j6dbq0eux0bg.cloudfront.net/images/121098256/products/798074862/5996060922.jpg,Noter.nu

